variable,type,unit,definition,source,access,note
ward,string,-,"Unit identifier. Exposure unit = 'Ikuno_Hirano' (Ikuno and Hirano wards aggregated into one unit); 20 donor wards named by ward (e.g. 'Abeno', 'Joto'). Kita and Fukushima wards are excluded because DRT was introduced there during the analysis period.",Constructed by the authors,-,"One row per ward x month: 21 units x 84 months = 1,764 rows."
month_index,integer,month,Integer month index: 2000 = April 2017; 2047 = March 2021 (last baseline month); 2048 = April 2021 (DRT start); 2083 = March 2024 (last follow-up month).,Constructed by the authors,-,Consecutive; every ward must be observed in every month.
he_per_patient,numeric,JPY per patient per month,"Per-patient administrative ward-level healthcare expenditure: total monthly claims (insurer contribution plus patient self-payment) recorded at medical institutions located in the ward, divided by the number of patients treated at those institutions in the same month. Assigned to wards by provider location. For the exposure unit the two wards are aggregated.","Third-party medical-claims database, provided to the authors under a data-use agreement (see the article's Data availability statement)","Restricted; provided under a data-use agreement that does not permit redistribution. Requests for access should be directed to the data provider identified in the article's Data availability statement.",[Author check: aggregation rule for the exposure unit (pooled claims / pooled patients vs. mean of the two wards).]
population,integer,persons,Total registered population of the ward (Basic Resident Registry); quarterly releases carried to monthly frequency.,"Osaka City, population registered in the basic residents' register, by ward and age group (quarterly), https://www.city.osaka.lg.jp/shimin/page/0000006893.html",Public,[Author check: rule used to carry quarterly values to months (step vs. interpolation).]
youth_population,numeric,%,Share of the ward population aged 0-19.,"Osaka City, Basic Resident Registry (as above)",Public,"Percent of total population. [Author check: share vs. count, as in Tables 3-4.]"
working_age_population,numeric,%,Share of the ward population aged 20-64.,"Osaka City, Basic Resident Registry (as above)",Public,Percent of total population.
elderly_population,numeric,%,Share of the ward population aged 65 and over.,"Osaka City, Basic Resident Registry (as above)",Public,Percent of total population.
land_area_km2,numeric,km2,Land area of the ward (sum of the two wards for the exposure unit); time-invariant. Used as the ward-scale proxy for urban structural characteristics.,"[Author to add source, e.g. Osaka City statistical yearbook / GSI area statistics, with URL]",Public,-
lockdown,integer,0/1,"Monthly indicator equal to 1 in months during which a COVID-19 state of emergency was declared for Osaka Prefecture, 0 otherwise. Its pre-intervention mean (0.08) is the 'Lock-down period' predictor in Table 4.","Osaka Prefecture, records of measures taken in response to the COVID-19 pandemic, https://www.pref.osaka.lg.jp/o020090/kikaku/kinkyuzitai-yousei/index.html",Public,"[Author check: months coded as 1, and whether donor wards carry the same values as the exposure unit.]"
